"اسم الحضانه","عنوان الحضانة","رقم الهاتف","الموقع"
"حضانة أفضل مكان لطفلك.","",790303443,"فرع اربد"
"حضانة كوخ الطفل","1 شارع حيفا /حي جبل الحسين /العبدلي",65639391,"فرع عمان المركز"
"حضانة وروضة الاسنان اللبنيه ذ.م.م","3 شارع حسن العطار شارع البراء بن عازب خلف نادي السيارات",5861488,"فرع اليوبيل"
"مدارس النمو التربوى","0780222238/0795246217",5343992,"فرع شمال عمان"
"حضانة صقور العزة","آبو نصير ، شارع السعادة، ??",796655818,"فرع شرق عمان"
"روان حمدى علي الهواري وشريكتها","إشارات البشيتي",796777350,"فرع شمال عمان"
"هيثم خالد حمدان الريموني وشريكته","ابو قرام عماره رقم 1",776180280,"فرع شرق عمان"
"حضانة حدود القمر","اربد",795246544,"فرع اربد"
"سيرين عدنان محمد العز/حضانة سيدرا","اربد",796067535,"فرع اربد"
"حضانة بابا سنفور","اربد",787054530,"فرع اربد"
"حضانه رتاج","اربد / الحي الجنوبي / بجانب المحكمه الشرعيه",7103440,"فرع اربد"
"محمد يوسف ارشيد منسي","اربد الحي الجنوبي بجانب مسجد عليا التل",785725644,"فرع اربد"
"حضانة الفطاحلة النموذجية","اربد الحي الجنوبي جنوب غرب دوار صحارى ب 300 متر",777148052,"فرع اربد"
"حضانة بنات واولاد مبدعين/ حضانة اطفال","اربد/ الحي الجنوبي/ غرب شارع اربد ايدون/ جنوب مدرسة تقارب",772287041,"فرع اربد"
"حضانة سلفيا","اربد-الحي الجنوبي-مسجد علياء التل-اربد مول-بجانب القرم للتصف",796651770,"فرع اربد"
"حضانة زهرة تشرين","اربد - الحي الشرفي - باتجاة مركز القدس الطبي",798814680,"فرع اربد"
"حضانة قصة نجاح","اربد/ الحي الشرقي",792121140,"فرع اربد"
"حضانة ماما رشا","اربد/ الحي الشرقي",785551773,"فرع اربد"
"حضانة بنت و ولد","اربد/ الحي الشرقي/ شارع جرش/ قرب حديقة الزهراء",798604165,"فرع اربد"
"حضانة بلوتو","اربد-الحي الشرقي- شرق الملعب البلدي",781074376,"فرع اربد"
"حضانة بندق وسكر","اربد/ الحي الشرقي/ شرق مركز الامن الشرقي",795507759,"فرع اربد"
"حضانة هتوف","اربد- الحي الشرقي- غرب دوار الشهداء",772155888,"فرع اربد"
"جمعية بسمة خير للاعاقات والايتام الخيريه","اربد/الكوره",779818990,"فرع اربد"
"حضانة رغد النموذجيه","اربد المزار الشمالي قرب الدفاع المدني",776174419,"فرع اربد"
"حضانة وروضة الرؤيا الشامله الدوليه","اربد الملعب البلدي ش عبد القادر الحسيني",777722258,"فرع اربد"
"حضانة حبايبنا","اربد/ النعيمه",790959613,"فرع اربد"
"حضانة احلى عالم","اربد- ايدون - الشارع الرئيسي",776252046,"فرع اربد"
"حضانة سر التناغم","اربد / ايدون / دوار اللوازم",797770233,"فرع اربد"
"روضة و حضانة وجه الثلج السعيد","اربد ايدون شرق دوار العيدات",796946737,"فرع اربد"
"حضانة العبقري الصغير","اربد/ايدون/قرب دوار النسيم",772431780,"فرع اربد"
"حضانة وروضه زهرة المانوليا","اربد/ ايدون/ مقابل مدرسة المنارة/ خلف اسواق الديري",799233569,"فرع اربد"
"هبه حسين علي جرادات / حضانة نيوتن النموذجيه","اربد/بشرى",772236988,"فرع اربد"
"حضانة الفارس","اربد جنوب مبنى الضمان الاجتماعي باتجاه المحاكم الشرعيه",7242906,"فرع اربد"
"حضانة كريستال","اربد حي النزهه",776708896,"فرع اربد"
"حضانة اشكال النموذجيه - محمود بادي العودات","اربد \ خلف مستشفى اربد التخصصي",772155227,"فرع اربد"
"حضانة طريق المستقبل","اربد/ خلف مستشفى القواسمي",797021868,"فرع اربد"
"اكاديمة ومدرسة وروضة الصفوة الدولية / اكاديمية اراء للتعلم","اربد سموع ش الرئيسي",788404300,"فرع اربد"
"شركة مدارس الجامعه الامريكيه للشرق الاوسط","اربد/ شارع الجامعه / البوابه الشماليه",NULL,"فرع اربد"
"فايده كامل احمد العمري /حضانة اللافندر","اربد/ ش الثلاثين/غرب اسواق زمزم",796770210,"فرع اربد"
"حضانة عيون سيرين","اربد / ضاحية الحسين / قرب حديقة الاستقلال",792807674,"فرع اربد"
"حضانة دلع طفلك","اربد / مقابل كلية بنات اربد",785388328,"فرع اربد"
"حضانة لحن الحياة","اسحاق بن حنين / عمان / الياسمين رقم البنايه 7",795664426,"فرع جنوب عمان"
"حضانة وروضة اليانا","اسكان التلفزيون / شارع قيس بن نشبة / 41",790963914,"فرع جنوب عمان"
"حضانة بذور الغد","اسكان الجيش شارع عبدالقادر الزغول شارع النهضه باتجاه ابوعليا",789995605,"فرع شرق عمان"
"حضانة الجنة الخضراء","اسكان السلطة - ش. محمود حسن الرشايدة - 36",776186618,"فرع اليوبيل"
"الشول وعبد الفتاح","اسواق جمال خلف اشارة السيرك قرب مسجد زميلي",797615061,"فرع شمال عمان"
"الشجره المباركه للتعليم والاستثمار","اشارة جبري مقابل السروات خلف مجمع بهجت سنتر",55555,"فرع شمال عمان"
"حضانه زي العسل","الأشرفية، حي حلان الشوك، 000",772073484,"فرع اربد"
"حضانة بيت نوبا","الاردن -عمان -ضاحية الياسمين",790241526,"فرع جنوب عمان"
"حضانه وسيم النموذجيه","الاشرفية/حي ام تينه",798457004,"فرع جنوب عمان"
"حضانه نيروخ النموذية","الاشرفية شارع حسبان رقم المبنى 11",785898213,"فرع جنوب عمان"
"حضانة بيتنا للاطفال","البقعان - خلف الدفاع المدني - قرب مسجد الحديدي",795025820,"فرع السلط"
"حضانة سلمى و زين","البقيع",790910177,"فرع السلط"
"حضانة بريق النمارق","البلقاء/ السلالم/البقعان/بجانب مدرسة فاطمة الزهراء",797094191,"فرع السلط"
"حضانة الورود الملونه","البلقاء/ السلط/ البحيره/بجانب مدرسة السلط الحديثة",778772727,"فرع السلط"
"حضانة ازهار الفردوس","البلقاء السلط البحيره مقابل مسجد العطيات",777005910,"فرع السلط"
"حضانة ابتسامة الكراميش","البلقاء السلط البقيع - بالقرب من المركز الصحي",790061412,"فرع السلط"
"حضانة حمزه وعمر","البلقاء/السلط/السلالم/حي الامير راشد",776977901,"فرع السلط"
"حضانة الطفل الرغيد","البلقاء السلط الصبيحي/مثلث الختوم",796222926,"فرع السلط"
"حضانة خمسه وستون 65","البلقاء / السلط /المدينة الرياضيه /قرب مدارس السلط الاهلية",777774819,"فرع السلط"
"حضانة براعم الصنوبر النموذجية","البلقاء السلط المنشية - شارع سليمان الحديدي",775600925,"فرع السلط"
"حضانة علي بابا النموذيه","البلقاء السلط خلف المحافظة",790794804,"فرع السلط"
"حضانه خطاب وليان","البلقاء السلط زي بجانب المركز الصحي",777379434,"فرع السلط"
"حضانة اشبال المستقبل","البلقاء/الفحيص/ام النعاج",799224144,"فرع السلط"
"حضانة الخطوات الجميله","البلقاء/عين الباشا/حي الزيتونه/مقابل مؤسسة التدريب المهني",795705996,"فرع السلط"
"حضانة روشان","البنيات شارع عقيل السرحان",0,"فرع جنوب عمان"
"حضانة سنابل الربيع النموذجيه","البوابه الجنوبيه",796268231,"فرع الكرك"
"حضانة التعليم الفعال","البيادر",NULL,"فرع اليوبيل"
"شركة هيام العبسي واخواتها / حضانة البيادر الحديثة","البيادر / الجندويل / بجانب المتصرفية",796221095,"فرع اليوبيل"
"حضانة و روضة رونق الموده","البيادر / ش خضر قردن / مقابل النادي الاهلي",795964769,"فرع اليوبيل"
"حضانة الضحكة الرائعة","التلاع العلي بجانب قاعة النيروز",792838831,"فرع شمال عمان"
"حضانة بيت الحلوه للاطفال","الجاردنز خلف مدارس الرأي عماره رقم 20",799853333,"فرع شمال عمان"
"حضانة كوخ الدب","الجبل الشمالي شارع الملك عبد الله الثاني",782929569,"فرع الزرقاء"
"حضانة دانيه حسن للاطفال","الجبيهة حي بن عوف",796227688,"فرع شمال عمان"
"حضانة نور الجبيهه","الجبيهة/شارع مفلح اللوزي/بناية32/مقابل مفروشات شهوان",797670971,"فرع شمال عمان"
"حضانة ارض السكر","الجبيهة/ شارع يوسف مبيضين/ مقابل جامعة العلوم التطبيقيه",779508114,"فرع شرق عمان"
"حضانة التوت الوردي","الجبيهة/ضاحية الرشيد/بناية/شارع مجاهد المحيسن24",795333046,"فرع شمال عمان"
"حضانة حجرة الاطفال الجميله","الجبيهه / ام زويتينه/",5555555,"فرع شمال عمان"
"حضانة الحمامي","الجبيهه /شار ع الريان/ام زويتينه",5555,"فرع شمال عمان"
"حضانة هند وشيماء","الجبيهه/ قرب جسر ياجوز/قرب بقالة H N",799058051,"فرع شمال عمان"
"حضانة سالي وسلمى","الجبيهه مقابل الاحدث سابقا",5238494,"فرع شمال عمان"
"حضانة حكايتي الصغيرة","الجبيهه مقابل الجمعية العلمية الملكية ط الارضي",5340409,"فرع شمال عمان"
"حضانة العب واكبر","الجندويل",799816092,"فرع اليوبيل"
"حضانة سكر نبات","الجندويل قبل المخابرات/u turn/ثم اول دخلة يمين ثم اول دخلة ش",5827054,"فرع اليوبيل"
"حضانة حسام وسبأ الحديثه","الحصن- الحي الشرقي- شارع الكلية",791854881,"فرع اربد"
"حضانة جنة الرحمن","الحي الجنوبي جنوب مستشفى النجاح",796691197,"فرع اربد"
"حضانة ريتان","الحي الشرقي- خلف حلويات الكت والكات",789416515,"فرع اربد"
"حضانة الطفل العربي","الحي الشرقي-قرب اسواق المؤسسه العسكريه",793050777,"فرع اربد"
"حضانة جوان النموذجيه","الحي الشرقي قرب المدرسة الثانوية",798471892,"فرع الزرقاء"
"حضانة احلام المستقبل النموذجية","الخطابيه",779681212,"فرع مادبا"
"حضانة نحن الاطفال","الدربيات شارع عوني ابراهيم حجازي رقم البنايه 4",797744369,"فرع اليوبيل"
"حضانة النجمة المضيئه","الدوار الثامن - شارع النيزك",777469988,"فرع اليوبيل"
"حضانة الخطوة الاولى النموذجيه","الدوار الخامس شارع عقبة بن نافع حي الرضوان منطقة زهران.",5931022,"فرع اليوبيل"
"حضانة البالون","الدوار السابع /بجانب فندق جنيفا",5815852,"فرع اليوبيل"
"حضانة لؤي الصغير الدولية","الدوار السابع/خلف فندق جنيفا",5816118,"فرع اليوبيل"
"حضانه هنا لنكبر","الدوار السابع عماره رقم 2 ط ارضي بجانب السفاره السيريلانكيه",NULL,"فرع اليوبيل"
"شركة البرج للتربية والتعليم/ مدارس البرج للتربية والتعليم","الدوار السابع مقابل نادي السيارات الملكي",5885445,"فرع اليوبيل"
"حضانة براعم الرمثا التعليمية والنموذجية","الرئيسي",799593982,"فرع اليرموك"
"شركة الاجيال لرياض الاطفال /حضانة الطفل المبدع","الرابية شارع تبريز عماة رقم 19",5527438,"فرع عمان المركز"
"حضانة منطقة الاطفال","الرابية شارع عاهد السخن فيلا رقم 26",799111818,"فرع عمان المركز"
"حضانة خطوات الصغار/KIDS STEPS","الرابيه",5537256,"فرع عمان المركز"
"حضانه نور","الرابيه -الضاحيه الحسين",5524962,"فرع عمان المركز"
"حضانة نجم البحر","الرابيه حي السلام / شارع انورين مسمار 4",NULL,"فرع عمان المركز"
"حضانه بصمات الصغار","الرابيه/خلف فندق الاوركيدا",5539784,"فرع عمان المركز"
"روضة دروب النور","الرابيه شارع عبدالكريم الدباس مقابل مدارس الكامبردج 6",797512292,"فرع عمان المركز"
"حضانة الاطفال المبتسمون","الرابيه مقابل مطعم الكلحه",5511020,"فرع عمان المركز"
"حضانة ناريمان النموذجيه","الرمثا مقابل مدرسة جمانة",786306644,"فرع اليرموك"
"التباشير البيضاء","الروابي / ش التباشير / بنايه /16",791560630,"فرع اليوبيل"
"شركة حضانة الوجوه السعيده","الروابي / ش علي احمد ازمقنا",5853124,"فرع اليوبيل"
"حضانة الاطفال الرائعون","الروابي / ش ياسين الموصلي / بنايه/30",799888896,"فرع اليوبيل"
"حضانة اطفال الرونق","الرونق شارع محمد علي حسين الكردي عمارة 30",775933580,"فرع اليوبيل"
"حضانة النور الساطع","الزرقاء الجديدة البتراوي ش??",795338564,"فرع الزرقاء"
"حضانة جود وميرا","الزرقاء الجديدة - جبل المغير- قرب صيدلية شمع العسل",782209062,"فرع الزرقاء"
"حضانة الطفل الأمثل لرعاية الاطفال","الزرقاء الجديدة- حي البتراوي- شارع ??",790063659,"فرع الزرقاء"
"حضانة زهرة التوليب","الزرقاء/الزرقاء الجديدة/ش.واصل بن عطاء/",772505055,"فرع الزرقاء"
"حضانه السوسن","الزرقاء /الزرقاء الجديده / ش 16",777434326,"فرع الزرقاء"
"أكاديمية مدرسة و روضة جنى دان","الزرقاء/بيرين/خلف النبعه",788616293,"فرع الزرقاء"
"جمعية المركز الاسلامي الخيرية /كليةالمجتمع الاسلامي","الزرقاء-وادي الحجر",53933914,"فرع الزرقاء"
"حضانة براعم السكر","السكنية الثالثة/ شارع العباسيين/ بجانب مسجد سعد بن ابي وقاص",792030177,"فرع العقبه"
"حضانة الاجيال الواعده","السلالم - مقابل مدرسة اليمامه",3530345,"فرع السلط"
"حضانة انوار الغد","السلط البقعان",791892575,"فرع السلط"
"حضانة نبال","السلط/البقيع",NULL,"فرع السلط"
"حضانة الدلال","السلط - المغاريب",NULL,"فرع السلط"
"مدرسة وروضة و حضانة الكأس النموذجيه","السلط/ام عطيه/خلف الاشغال العامة",53530034,"فرع السلط"
"حضانة ديمة النموذجية","السلط/شفا العامرية",772118163,"فرع السلط"
"حضانة الق الشميساني","الشمساني ش عبداللع بن عباس",795614229,"فرع عمان المركز"
"حضانة قوس قزح النموذية .","الشميساني",5605300,"فرع عمان المركز"
"حضانه الخطى الصغيره","الشميساني",799763161,"فرع شمال عمان"
"حضانة وروضه بيتي الكبير","الشميساني/بنايه5",795760380,"فرع عمان المركز"
"حضانة ضحكات الطفوله","الشميساني /بنايه 39 / شارع معروف الرصافي",791520563,"فرع عمان المركز"
"حضانة الخنفساء الصغيرة","الشميساني خلف السيفوي",790056789,"فرع شمال عمان"
"حضانه الطفل الحلو/سويت بيبي","الشميساني خلف الماريوت قرب وزاره المياه",5656027,"فرع شمال عمان"
"حضانة عالم الصغار","الشميساني / خلف جامع الفيحاء شارع اسيد بن ثعلبه",NULL,"فرع عمان المركز"
"حضانة الاكواخ الملونه","الشميساني شارع الجاحظ مقابل مجمع السعيد التجاري",795659165,"فرع شمال عمان"
"حضانة قمم الاشجار","الشميساني شارع عبدالحميد كرامي بناية 8",795057999,"فرع عمان المركز"
"حضانة بيتي الصغير","الشميساني يوسف بن تاشفين قرب السفارة المغربية",5676210,"فرع شمال عمان"
"معتصم و علي حياصات","الصافح",795773909,"فرع السلط"
"حضانة احمد وضحى","الصريح اربد",772258725,"فرع اربد"
"حضانة روان و رشا","الصويفية بجانب كنيسة السريان",799201773,"فرع اليوبيل"
"حضانة الكلمات الأولى","الصويفية - شارع سعيد المفتي - عمارة 16",796246213,"فرع اليوبيل"
"حضانة وروضة الانطلاقه","الصويفية / ش حسن بكر العزازي / بنايه/40",5865080,"فرع اليوبيل"
"شركه العطاري وابو هدبه /الحضانه البلاتينيه","الصويفيه",797873911,"فرع اليوبيل"
"شركة كتاب وفرشاه لدور الحضانه","الصويفيه/ش الشفاعة/دخلة مطعم اماسي/بناية 17",5923918,"فرع اليوبيل"
"الحضانه البرونزيه","الصويفيه/ش صلاح طوقان/عماره44",NULL,"فرع اليوبيل"
"شركه الجيلاني وشريكته /حضانه ضوء القمر","الصويفيه-قرب من قرية الصويفية - ش/ زكي الصويتي رقم بناية 36",78988868,"فرع اليوبيل"
"جمعية الطفيله الخيريه للنهوض بالطفل","الطفيله",32243755,"فرع الطفيلة"
"حضانة علاء الدين الحساسنه","الطفيله/واد زيد/جانب المستشفى العسكري",777684660,"فرع الطفيلة"
"حضانه وروضه الارض الصغيره/حضانة الارض الصغيرة ذ.م.م","العبدلي / شارع ابو الحسن الأشعري",775661810,"فرع عمان المركز"
"حضانة كوكب المرح الطفولي","العقبة - الثامنة - قرب مسجد الكالوتي",9872021168,"فرع العقبه"
"حضانة بسمة ارشيد النموذجية","العقبة / السكنية الثامنه - قرب سوق الثامنه",32068918,"فرع العقبه"
"حضانه الطفل الانيق","العقبه/ الثامنه/خلف مسجد الكالوتي",797799473,"فرع العقبه"
"حضانة الطفل الجميل","العقبه-السكنية الثالثة /قرب مستشفى العقبه الحديث",795277019,"فرع العقبه"
"روضة وحضانة اطفال طيور الجنه","العقبه - السكنيه العاشره - الشارع الرئيسي",2050501,"فرع العقبه"
"حضانة صوفيا","الفحيص/الرهوة/الشارع الرئيسي",779706478,"فرع السلط"
"حضانة جمعية الشابات المسيحيه","الفحيص ام عليق",4721683,"فرع السلط"
"حضانة جمعية الشابات المسيحية الخيرية-الفحيص","الفحيص/ خلف بيت الفحيص/شارع صبيان الحصان",799946050,"فرع السلط"
"حضانة نايا","الفحيص - طريق البكالوريا",5310967,"فرع السلط"
"حضانة البيت اللطيف","الفحيص - قرب مصنع الاسمنت",1111111,"فرع السلط"
"حضانة الطفل المرح","القبعات /خلف الدفاع المدني",771010333,"فرع السلط"
"حضانة الام الخارقه","الكرك/ الثنية /خلف كازية المناصير",1111111111,"فرع الكرك"
"حضانة عصافير الكرك","الكرك / الثنيه /الشارع الرئيسي",1111111111,"فرع الكرك"
"حضانة براعم الثنيه","الكرك /الثنيه /حي الورود",788098302,"فرع الكرك"
"حضانة عالم الطفل","الكرك / الشهابيه /الشارع الرئيسي",772142746,"فرع الكرك"
"حضانة روعة الورد","الكرك المرج الشارع الرئيسي",798718431,"فرع الكرك"
"حضانة اجود ولين","الكرك/المرج/بجانب صندوق التنميه والتشغيل",792016006,"فرع الكرك"
"حضانة منشية ابو حمور","الكرك/ منشية ابو حمور/ الشارع الرئيسي",796345106,"فرع الكرك"
"شركة عبابنه و المراهفه","الكماليه - شارع الشجر",776525214,"فرع السلط"
"حضانة السلالم الذهبية للاطفال","المبني يقع على شارعين بيت محسير عمارة رقم 8 خلف قصر اليوسفي",NULL,"فرع شمال عمان"
"حضانة الجيل القادم","المدينة الرياضية - شارع شمس الدين الذهبي - دخلة حلويات زلوم",NULL,"فرع شمال عمان"
"المعهدالوطنى للعلوم الهندسيه والاداريه","المدينة الرياضية / شارع صرح الشهيد / بجانب حراج طبربور .",5154199,"فرع شمال عمان"
"حضانة الميلاد الجديد النموذجية","المفرق الحي الجنوبي شارع الشهيد حسين بصبوص قرب روضة نادي الط",772275186,"فرع المفرق"
"حضانة المدثر","المفرق المدينة/الحي الجنوبي/قرب بقالة المومني",776446557,"فرع المفرق"
"حضانة شمس الصباح","المقابلين-الحرية-شارع ياسر محمود حجازي",NULL,"فرع جنوب عمان"
"حضانة الارض السعيده","المقابلين حي الصحابه شارع عبد الكريم الخطاب",790921251,"فرع جنوب عمان"
"شركة عدنان فقيسي ومحمد القطامي/حضانة الحضن الدافىء","النصر حي الامير حسن مقابل مدارس الناصر",4911071,"فرع شرق عمان"
"حضانه عصافير عمان","الهاشمي الشمالي حي رغدان خلف العنبتاوي شارع سراقه الانصاري",NULL,"فرع شرق عمان"
"حضانة ازهار بيسان","الهاشمي الشمالي - حي نايفه - مقابل وزارة الصحة ش ام حكيم",65057240,"فرع شرق عمان"
"حضانة رياحين الجنة","الهاشمي الشمالي شارع الحارث العبدي",797401206,"فرع شرق عمان"
"عبدالله العتيبي وشريكته","الهاشمي الشمالي ش الحارث العيدي اشارة العنبتاوي نزول السوق",780202052,"فرع شرق عمان"
"حضانة نسائم الخير","الهاشمي الشمالي - قرب معهد زين الشرف - شارع نهر المقطع",797016802,"فرع شرق عمان"
"حضانة جوان النموذجيه","الهاشمية -الحي الشرقي",788067807,"فرع الزرقاء"
"حضانة الشموع المضيئه","الهاشمي / حمزه/ ضاحية الاقصى",785187663,"فرع شرق عمان"
"حضانه جود وليان","الهاشمي حي نايفه شارع ام حكيم",772505068,"فرع شرق عمان"
"حضانة عطر الجوري للاطفال","الياسمين/شارع محمد سالم ذويب",NULL,"فرع جنوب عمان"
"حضانه جبل التاج النموذجيه","اليرموك/حي جبل التاج/ شارع المنسي",795185886,"فرع جنوب عمان"
"علا عامر عاشور دعنا- حضانة الكنغر","ام اذينه-خلف ابراج السادس-الدوار السادس-بجانب المركز الصيني",65524053,"فرع عمان المركز"
"حضانة خطوة النجاح الاردنيه","ام اذينه قرب وزارة البيئه",5531023,"فرع عمان المركز"
"حضانة معجزة الاجيال","ام السماق - حي الروابي - خلف برغر كنج - تقاطع ش الرحيق فيلا2",5861695,"فرع شمال عمان"
"حضانة الفقاعه المضحكة","ام السماق شارع عطيوي المجالي بنايه 26",798379019,"فرع شمال عمان"
"_ام السماق شارع مثاري النعيمات","ام السماق شارع مثاري النعيمات",799128151,"فرع اليوبيل"
"حضانة زين ونانا","ام عليه الشارع الرئيسي",785226638,"فرع السلط"
"حضانة بلقيس النموذجيه","ايدون-حي عاليه-مقابل مدرسه مصعب بن عمير",779326206,"فرع اربد"
"حضانة مالديف","بالقرب من اشارات المنهل",797209900,"فرع شمال عمان"
"حضانة متعة التعلم","بجانب ارابيلا مول دخلة شارع نور رشيد خريس",786716531,"فرع اربد"
"حضانة قيمي نهج حياتي","بجانب المدارس الانجليزية قرب مؤسسة عزت مرجي",795210936,"فرع شمال عمان"
"حضانة السلسال الذهبي النموذجية","بجانب زهى الثقافي",5520007,"فرع شمال عمان"
"حضانة شمس العز","بجانب مستشفى تلاع العلي",555555,"فرع شمال عمان"
"شركة روضة وحضانة ريحانة تشرين","بجانب مكة مول",555555,"فرع شمال عمان"
"حضانة الارض الخضراء للاطفال","بدر الجديدة / الشارع الرئيسي/ قرب الامانة",777220073,"فرع اليوبيل"
"حضانة اليوم السعيد","بسمان /جبل النزهة شارع الكويتية بناية رقم 15",790225163,"فرع شرق عمان"
"حضانه ضحكة وبسمة","بسمان/ضاحية الاقصى شارع عبد الله الجازي/قرب عريفة مول",785200885,"فرع شرق عمان"
"حضانة ارض الحلوى","بقرب مدارس المعارف",5555555,"فرع شمال عمان"
"حضانه الطفل الحسن","بيادر وادي السير الجندويل",799645430,"فرع اليوبيل"
"روضة ومدارس اكادميه ريتال الدوليه/شركة التعاون للتعليم والاست","قاطع جسر ياجوز شارع الاردن",5336363,"فرع شمال عمان"
"حضانة ايناس الفراهيد","تلاع العلي",555555555,"فرع شمال عمان"
"اكاديمية لانكشر الدوليه للتعليم","تلاع العلي",792395008,"فرع شمال عمان"
"حضانة القطط الصغيره","تلاع العلي بجانب البشيتي للتجهيزات بنايه 3",795740854,"فرع شمال عمان"
"حضانة طيور الصباح","تلاع العلي بعد مدرسة تلاع العلي للبنات مقابل الصالة الرياضية",NULL,"فرع شمال عمان"
"حضانة الدوحة النموذجية","تلاع العلي حي البركة بجانب سامح مول",785036366,"فرع شمال عمان"
"حضانة الفهد الصغير","تلاع العلي حي البركة شارع عبدالله العزب مجمع النادي الفيصلي",798477775,"فرع شمال عمان"
"حضانة خطوات ناعمة/سابقا حضانة انا واصحابي","تلاع العلي /خلف اسواق السلطان",791555367,"فرع شمال عمان"
"حضانه وروضه البستان","تلاع العلي /خلف الرأي",NULL,"فرع شمال عمان"
"حضانه دانه الدوليه","تلاع العلي خلف الهوليدي ان بجانب مدارس عمان الدوليه",797097685,"فرع شمال عمان"
"حضانة لارا","تلاع العلي خلف سوبر ماركتالاهالي",5670424,"فرع شمال عمان"
"حضانة الفراولة","تلاع العلي خلف فندق الهولدي ان",797345068,"فرع شمال عمان"
"حضانة بنان عنبتاوي","تلاع العلي - شارع عبدالله العلمي - بناية 11",796975012,"فرع شمال عمان"
"محمد محمود الجداية وشريكته","تلاع العلي شارع عروة بن زيد الخيل فيلا رقم 27",798971924,"فرع شمال عمان"
"حضانة قصص الخيال","تلاع العلي/شارع عواد النعيمات/بناية15/مقابل مسجد التلاوي",555555,"فرع شمال عمان"
"حضانة الاوقات السعيده","تلاع العلي مقابل مسجد التلاوي",5523087,"فرع شمال عمان"
"حضانة مهجة القلب","جبل الاميرة رحمة-قرب مركز امن الحسن",797544082,"فرع الزرقاء"
"حضانة طفلي حبيبي","جبل التاج شارع الشهيد",795653184,"فرع جنوب عمان"
"حضانة ركن الحنان","جبل الحديد شارع النوري الحديد مقابل مجمع الاقصى بالقرب من مس",795669354,"فرع جنوب عمان"
"حضانة شجرة الكرز","جبل الحسين خلف دوار الداخلية - خلف المركز الصحي",4006176,"فرع عمان المركز"
"حضانة فرح النموذيه","جبل الحسين/دوار الداخلية - نزول سرفيس العبدلي",5695093,"فرع عمان المركز"
"روضة نحن الاطفال","جبل الحسين دوار المأمونيه شارع القسام لناية رقم 70",4619597,"فرع عمان المركز"
"حضانه بدايات عظيمه","جبل الحسين - شارع اسماعيل بابوق - 5",775367440,"فرع عمان المركز"
"سعاد عيسى الخطيب","جبل الحسين شارع اللد بناية رقم 1",795291205,"فرع عمان المركز"
"روضه وحضانه جنه الطفل","جبل اللويبدة /م0مكتبه الجامعه/ م بنك القاهره اللويبده",4636134,"فرع عمان المركز"
"حضانه الشذى النموذجيه","جبل طارق دخلت مرايا",788124299,"فرع الزرقاء"
"حضانة غدا اجمل","جبل طارق شارع الحاج احمد العوريفي",772187302,"فرع الزرقاء"
"حضانة جنة العصافير","جبل عمان الدوار الثاني شارع راغب النشاشيبي بناية رقم 6",795052217,"فرع عمان المركز"
"جمعيه خليل الرحمن الخيريه","جبل عمان - الدوار السابع - خلف السيتاون - قرب نادي المعلمين",NULL,"فرع اليوبيل"
"حضانة طيور المحبه","جبل عمان دوار ثاني ش المعتصم ع 55 بجانب عمارة قناة الجزيره",4623095,"فرع عمان المركز"
"حضانة رند ورنيم","جبيهه/مقابل التعليم العالي/مجمع ابو سطام التجاري",NULL,"فرع شمال عمان"
"حضانه سنا المجد","جرش جبل الشيخ مصلح",785861451,"فرع جـرش"
"حضانة سندي الصغير","حي اسكان عالية شارع العهد بناية رقم 1",796616664,"فرع اليوبيل"
"حضانة الاصابع الصغيره","حي الخالدين شارع عناد عارف الجازي دخلة عاليه المركزي",5344319,"فرع شمال عمان"
"حضانة قصر الاطفال للوسائل التعليميه","حي الدينة الرياضية /شارع عباس بن فرناس-/1قرب مدرسة ابن عباس",797783409,"فرع شمال عمان"
"حضانة الانطباعات الاولى","حي الراهبات الورديه غرب مسجد ابو دلو",780466032,"فرع اربد"
"حضانة لعبة ولون","حي الرشيد خلف كازية توتال",797622652,"فرع الزرقاء"
"حضانة ورود المستقبل","حي الرونق شارع الاصبه بناية 6",782668833,"فرع اليوبيل"
"حضانة النحلة الطنانة","حي الصالحين / قرب مدارس الدر المنثور",5520510,"فرع شمال عمان"
"حضانة قصة الالعاب النموذيه","حي الصديق بجانب مدارس المنهل",797431211,"فرع شمال عمان"
"حضانة حي الضباط النموذجيه","حي الضباط-قرب الإستخبارات",786338248,"فرع المفرق"
"حضانة ألوان الفرح للأطفال","حي العبداللات ، بجانب مدرسة الكندي",785652504,"فرع شرق عمان"
"حضانة الايدي المبدعة","حي حطين",791439709,"فرع جنوب عمان"
"حضانة جنه الصغار","حي رمزي / شارع حسن البنا / رقم البناية 43",787281558,"فرع الزرقاء"
"روضة وحضانة انا الصغير","خرجا - دخلة مدارس الدر المنثور - بجانب بقالة البيطار/8",5538008,"فرع شمال عمان"
"حضانة جنتي للاطفال","خلدا شارع المعارف قرب مدرسة المعارف",797387766,"فرع شمال عمان"
"شركه مدارس الرضوان","خلدا/قرب المدارس العصريه",5355112,"فرع شمال عمان"
"حضانة سيسو النموذية","خلدا قرب دوار السكر مقابل سامح مول / الدخلة المغلقة",5522949,"فرع شمال عمان"
"شركة هدى ابوناصر وشريكها","خلدا قرب دوار المعارف",789445549,"فرع شمال عمان"
"حضانة لارين","خلف الجامعة الاردنية قرب مركز الحسين للسرطان",NULL,"فرع شمال عمان"
"روضة وحضانة ادرس والعب","خلف الماريت / مقابل وزارة المياة والري",NULL,"فرع شمال عمان"
"حضانة نادي السندباد","خلف مجمع بهجت جاردنز",790490973,"فرع شمال عمان"
"حضانة بيت السكاكر","خلف مستشفى الراهبات الوردية - بجانب سور المستشفى من الجهة ال",777747716,"فرع اربد"
"حضانة اطفال تمارا","خلف مطعم طواحين",775136924,"فرع شمال عمان"
"شركة ريما العمري ونوره زريقات","خلف مكة مول",772278217,"فرع شمال عمان"
"حضانة مملكة الاسود","دابوق، حي الرحمانية، ش. فواز ماهر، بناء رقم 9",791110400,"فرع السلط"
"حضانة اسوار الحديقه الصغيره","دخلة شركة بيجو بعد الدوار اول دخلة شمال بناية رقم 11",5857570,"فرع شمال عمان"
"حضانة درجات صغيرة","دوار البرديني قرب مدارس الاشراق",785905701,"فرع اليوبيل"
"حضانة مارينا","دوار الجندي، محمد طالب العمري، فيلا14",799373813,"فرع جنوب عمان"
"شركة محمد المشني و رحاب حسونه","دوار الحجاج",798892321,"فرع شرق عمان"
"حضانة بيت ستي","دوار القبه،مقابل شركة الكهرباء",797160145,"فرع اربد"
"حضانة قرية التوت العالميه","دوار الكيلوا-----خلف البرجر كنج-----عماره 46",798288080,"فرع عمان المركز"
"شركه روضه الانامل المبدعه","دير غبار",NULL,"فرع اليوبيل"
"اكاديمية ومدارس المشاهيرللعلم والمعرفة","سحاب / خلف نقولا ابو خضر",NULL,"فرع سحاب"
"حضانة وردي وازرق","سوق السلطان بعد دخلة صيدلية خالد",796861634,"فرع شمال عمان"
"حضانة مايا النموذجية","شارع البتراء",777442643,"فرع اربد"
"حضانة نايا وردينا","شارع البكالوريا",777727287,"فرع السلط"
"روضه وحضانة نداء الطفوله","شارع البلديه بعدالبنك الاسلامي مقابل ملحمة الخليل",NULL,"فرع شمال عمان"
"حضانة امل ونهضه للاطفال","شارع الثقافة",795583119,"فرع اليوبيل"
"حضانة النحله الصغيره","شارع الجاردنز دخلة مطعم السروات",NULL,"فرع شمال عمان"
"حضانة حلاوة شقاوة","شارع الخلد/ خلف جريدة الدستور/",95655507,"فرع شمال عمان"
"حضانة تيلا و تولا للاطفال","شارع الرفادة",798236484,"فرع شرق عمان"
"حضانة صالح وتميم","شارع الستين،بجانب مستشفى السلط الجديد،55B",779684700,"فرع السلط"
"حضانة الفرحة الاولى","شارع الصعب بن جثامه/بجانب مستشفى الجاردنز/30",NULL,"فرع شمال عمان"
"حضانة البدايه السعيده النموذجيه","شارع المدينه المنوره",795395747,"فرع اليوبيل"
"الشركة الاردنبة الامريكية لتعليم اللغات / مركز قاصد الثقافي","شارع الملكة رانبا",NULL,"فرع شمال عمان"
"حضانة شمس المدينة","شارع الملكة رانيا بعد سمارت باي",791431124,"فرع شمال عمان"
"حضانة انا و اخي نمرح","شارع اليرموك",772211947,"فرع مادبا"
"روضة وحضانة ذكريات الطفوله","شارع بغداد-غرب اشارة الدرواشة",27263283,"فرع اربد"
"حضانة روح البراءه","شارع خالده بنت الاسود حي الكوم الغربي",789102895,"فرع شرق عمان"
"اكاديمية اطفال الاردن اللامعون","شارع دار السلام حي الرضوان منطقة زهران بين الرابع والخامس",796772324,"فرع اليوبيل"
"نهاد محمد علي قويدر","شارع زينب بنت قيس رقم ??",799177011,"فرع جنوب عمان"
"حضانة ربوع جبل طارق","شارع سلمى",791475752,"فرع الزرقاء"
"حضانة البطولة","شارع سهيل حي الرونق عماره رقم?9",627975925,"فرع اليوبيل"
"شركة ابداع الطفوله","شارع شريفة زين بنت الحسين/خلف روان كيك",790932622,"فرع شمال عمان"
"حضانة اطفال التوت البري","شارع عبدالله غوشه بجانب مسجد احد",797266304,"فرع اليوبيل"
"حضانة ميرا والمى","شارع فايزه المعارجه رقم ??",786510163,"فرع جنوب عمان"
"حضانة جنى ونايا","شفا بدران الشارع الرئيسي مقابل مجمع مكه المكرمه",799151436,"فرع شرق عمان"
"حضانة بسمة رفيف","شفا بدران بالقرب من القضاء العسكري",798391436,"فرع شرق عمان"
"حضانة نطاق الالوان المرحه","شفا بدران بجانب اكاديمية ريماس الدوليه ش الامجاد",5231617,"فرع شرق عمان"
"شركة حضانة ازهار اطفال والعاب","شفا بدران - حي الكوم - ش.موسى الجهالين بناء 2",798366466,"فرع شرق عمان"
"حضانة حديقتي المفضله للاطفال","شفا بدران/ شارع الاعراب/بجانب صالون لينا مطر",795925041,"فرع شرق عمان"
"حضانة جاد واياس","شفا بدران شارع العرب",796352708,"فرع شرق عمان"
"حضانة بيت جدو","شفا بدران شارع محمد سلامه العدوان قرب مسجد الشمري",795884501,"فرع شرق عمان"
"حضانة اللطافة والجمال","شفا بدران / طاب كراع/ ش مركز التدريب المهني",791533945,"فرع شرق عمان"
"حضانة أرانب صغيرة","شفا بدران - مرج الفرس مقابل سوبر ماركت ابو عيسى",790685604,"فرع شرق عمان"
"المستوى الرفيع المتميز للتعليم","شميساني شارع ابن الفارض 11",799714198,"فرع عمان المركز"
"حضانة الذهب والالماس","صويلح /اسكان المهندسين بجانب مدارس القاهره",NULL,"فرع شمال عمان"
"حبشتكنات للاستثمارات التجاريه","صويلح الحي الشرقي بناية 51",796666059,"فرع شمال عمان"
"حضانه دنيا المرح","ضاحية الاستقلال/مقابل ديوانا الخدمة المدنية قرب مسجد ابو بكر",797687996,"فرع شرق عمان"
"حضانة هدية الله النموذجيه","ضاحية الاقصى- حي الرواق - ش.حابس المجالي - قرب مستشفى حمزه",795094647,"فرع شرق عمان"
"حضانة مرح ابو شقرة","ضاحية الامير راشد/ شارع الاميره ثروت",795892333,"فرع اليوبيل"
"حضانة وروضة كلية الاطفال","ضاحية الامير راشد/شارع البديع/مقابل المؤسسة العسكريه",5815215,"فرع اليوبيل"
"حضانة وروضة المدرسة الذكية للطفل النجم","ضاحية الرشيد/21/ خلف مركز الحسين للسرطان",799857970,"فرع شمال عمان"
"روضة وحضانة طريق الطفل","ضاحية الرشيد/ حي الجامعة/بجانب كلية الاميرة سمية/11",796294836,"فرع شمال عمان"
"حضانة حبايب قلبي","ضاحية الرشيد خلف سكن اميمة",797513130,"فرع شمال عمان"
"حضانة عالم المرح","ضاحية الرشيد خلف مجمع ابو الحاج",55555555,"فرع شمال عمان"
"حضانة الما وايلا","ضاحية الرشيد قبل سكن اميمة",792107921,"فرع شمال عمان"
"روضة و حضانة خواطر","ضاحية الرشيد - قرب الكلية العلمية الاسلامية -فيلا (5)",NULL,"فرع شمال عمان"
"حضانة جدوعلي","ضاحية الرشيد/قرب صيدلية الضواحي/6",65160355,"فرع شمال عمان"
"حضانة ارض النجوم","ضاحية الرشيد مفابل مدرسة تقارب",5555,"فرع شمال عمان"
"حضانة ارض الياسمين","ضاحية الياسمين",797047879,"فرع جنوب عمان"
"حضانة المملكة الصغيرة","ضاحية الياسمين شارع حفصة بنت عمرو رقم 35",792024263,"فرع جنوب عمان"
"حضانه احلى الاجواء للاطفال","ضاحيه الامير راشد",0,"فرع اليوبيل"
"حضانه عالم السماسم","ضاحيه الحاج حسن /شارع حي الروضة",795693564,"فرع جنوب عمان"
"حضانه بيت تيتا للاطفال","ضاحيه الرشيد/29/شارع الوفاق/ قرب المركز الامنى",0,"فرع شمال عمان"
"حضانه شجره الالوان","ضاحيه اليامين _شارع ام الاسود _قرب مطعم حماده",777526213,"فرع جنوب عمان"
"حضانة اشبال طبربور","طارق - طبربور - حي الشهيد الشمالي - شارع جفتلك - بناية رقم 6",788810160,"فرع شرق عمان"
"حضانة اكاديمية الازدهار","طارق/طبربور/ش يوسف شكري خلف حلويات النجمة / اسكان العين",797456069,"فرع شرق عمان"
"شركة حضانة الحب والرعايه","طبربور - ابو عليا - ش. مصلح الكوشه",795517574,"فرع شرق عمان"
"حضانه ثراء الطفوله النموذجيه","طبربور اسكان المحامين شارع برقوسا فيلا 89",6279604,"فرع شرق عمان"
"حضانه صغار كبار","طبربور/الخالدين/الخزنه/قرب مسجد الاخلاص",790927395,"فرع شرق عمان"
"حضانة نبات حسن النموذجيه","طبربور/الشهيد الشمالي/9 ش جميل شاكر/مقابل هيئة الاتصالات",1111111111,"فرع شرق عمان"
"حضانة النحلة جولي","طبربور ، بجانب جامعة العلوم الاسلامية",796897303,"فرع شرق عمان"
"حضانة بسمان الحديثه","طبربور /بسمان /مقابل وزاره الصحه",796565918,"فرع شرق عمان"
"حضانة غابة الاطفال","طبربور حي الخزنة خلف المشاغل",795192020,"فرع شرق عمان"
"حضانة بيسان و زين","طبربور حي الشهيد الجنوبي ش ثويبه بجانب مسجد ابو ذر الغفاري",799155199,"فرع شرق عمان"
"حضانة روح الفؤاد","طبربور خلف هيئة الاتصالات الخاصة شارع حسن محسن الهبارنة",797034415,"فرع شرق عمان"
"حضانة مملكة السكر","طبربور - شارع اسعد بن زرارة",797064545,"فرع شرق عمان"
"حضانة شذى الورد","طبربور شارع عجاج الهبارنة قريب مسجد عباد الرحمن",791077254,"فرع شرق عمان"
"حضانة عبق الربيع","طبربور شارع قمر اليافي مقابل حلويات نفيسة",797808114,"فرع شرق عمان"
"حضانه دلع العصافير","طبربور/صرح الشهيد/قرب البنك الاسلامي الاردني",782116660,"فرع شرق عمان"
"حضانة غزل البنات","طبربور طارق شارع عبد المهدي المراطي مقابل السهل الاخضر",NULL,"فرع شرق عمان"
"حضانة هلا وغلا","طبربور قرب اسكان الجيش-حديقة العهد والوفا ش/يوسف بني ياسين",95056076,"فرع شرق عمان"
"شركة العبيسات والخضيرات/حضانة طوق الياسمين","طبربور/مظهر علاونة/بجانب موسيقات القوات المسلحة اسكان الضباط",4897208,"فرع شرق عمان"
"حضانة بيت الميمه (شركة ابوسير والفاعوري)","طبربور / منطقة طارق /ش عمره النجاريه م 2",796061820,"فرع شرق عمان"
"حضانه نعمه الله","طبربور / منطقه طارق خلف الامانه شارع العيزريه",5051472,"فرع شرق عمان"
"حضانه تكوين","طلوع الجاذبيه قرب سوبرماركت ياهلا",792127898,"فرع شمال عمان"
"اكاديمية الاساتذه الصغار","طلوع سوق شاكر مقابل قصر الشريف ناصر",796032885,"فرع شمال عمان"
"شركه المتعلمون الصغار للخدمات التعليميه","عبدون الشمالي",799809040,"فرع اليوبيل"
"روضة وحضانة ادم","عبدون الشمالي /شارع علي سيدو الكردي",NULL,"فرع اليوبيل"
"شركة الامل للتعليم المبكر/حضانة لبنى نديم التعليميه","عبدون - شارع دمشق شار ع السفارة البريطانية",5813558,"فرع اليوبيل"
"حضانة فرح عجلون النموذجيه","عجلون / صخره قرب مسجد الزبير بن العوام",799716961,"فرع عجلون"
"حضانة الخطوات التعليميه","عجلون/عبين/خلف مطعم داريا ش اربد -عجلون",775570101,"فرع عجلون"
"حضانة عبق عجلون النموذجيه خلدون عبد الرحمن قاسم المومني","عجلون عبين شارع اربد مقابل صالة النورس",778952295,"فرع عجلون"
"حضانة جنة الورد","عجلون - عين جنا - مبنى البلدية - وسط البلد",777006207,"فرع عجلون"
"حضانة المبتكر الصغير النموذجيه","عجلون/مثلث اشتفينا/قرب قصر العدل/الشارع الرئيسى",770083270,"فرع عجلون"
"شركة البلاد للخدمات الطبيه/مستشفى الاستقلال","عرجان شارع الاستقلال",5652600,"فرع شرق عمان"
"حضانة الاطفال المغامرون","عمان",65736059,"فرع جنوب عمان"
"حضانة نحن نهتم","عمان- ابو نصير - قرب مسجد الهدى",797978808,"فرع شرق عمان"
"شركةمؤسسه المنهل التربويه","عمان اسكان الجامعه الاردنيه",65153751,"فرع شمال عمان"
"شركة شحاده وعزازي","عمان البيادر حي السهل بجانب دخلة سجاد مناصرة",796775047,"فرع اليوبيل"
"حضانة العقول المدبرة","عمان الجبدويل شارع عبدالله رجب هاكوز",65816855,"فرع اليوبيل"
"حضانة جنة اللطف","عمان الدوار السابع قرب ترخيص السابع",797641695,"فرع اليوبيل"
"روضة وحضانة دروب النور","عمان / الرابية",795105884,"فرع عمان المركز"
"حضانة نور الشمس","عمان / الرابيه / شارع نهاوند خلف دكان الكيك بناية 9",795133078,"فرع عمان المركز"
"حضانه وروضه براعم الشميساني","عمان/الشميساني",65680717,"فرع عمان المركز"
"حضانة زهور صغيره","عمان /الشميساني / شارع الفيحاء",792872827,"فرع عمان المركز"
"حضانه القلب الطيب النموذجية","عمان الكماليه شارع الاميره هيا",797980353,"فرع السلط"
"براعم سما الحمر","عمان / الكماليه - شارع سراج الجين المخزومي",NULL,"فرع السلط"
"حضانة المشاكس الصغير","عمان / ام اذينة الشرقي - شارع الكوفة - بناية 71",790395471,"فرع عمان المركز"
"شركة الكروان لتجارة المواد الغذائيه/حضانة البدايات المشرقه الدولية","عمان ام اذينه",795225253,"فرع عمان المركز"
"المدارس العمريه المساهمه الخصوصيه المحدوده","عمان / تلاع العلي / حي البستان",NULL,"فرع شمال عمان"
"حضانه الشاطر حسن","عمان ج*الحسين ش*عبد الحميد ياسين",4636793,"فرع عمان المركز"
"حضانة غاده الاطفال","عمان_جبل التاج/قرب محول الكهرباءالشارع الرئيسي",796677798,"فرع جنوب عمان"
"حضانة الشاطر حسن","عمان/جبل الحسين/شارع عبد الحميد ياسين/دخلة مقابل رنوش",796046361,"فرع عمان المركز"
"حضانه النبلاء","عمان/جبل الحسين/شارع مسلمه ابن الوليد",5627957,"فرع شرق عمان"
"العطي و نوفل","عمان / جبل عمان / شارع عباس محمود بن العقاد",0,"فرع عمان المركز"
"حضانة انس وامير","عمان جبيهه حي الريان شارع المريري",770065605,"فرع شمال عمان"
"حضانة ماكينزي للاطفال","عمان شارع الجامعه خلف محكمة شمال عمان بنايه رقم 7",799853333,"فرع شمال عمان"
"حضانه ليان وبانا","عمان شفا بدران الكوم الشارع الرئيسي بجانب سلاله مول",785735403,"فرع شرق عمان"
"نهى عطا خليل ابو الشعر / حضانة ماما رولا","عمان - شفا بدران - حي ذهيبه خلف مطعم الكلحه بناية 3",798076488,"فرع شرق عمان"
"حضانة هبوش","عمان - شفا بدران - ش حمدان الحجاج مقابل مدرسة المبادئ العلمي",778781149,"فرع شرق عمان"
"حضانه ازهار القمر","عمان/شفا بدران / عيسى عبدالكريم ابو غراب. 21",795053235,"فرع شرق عمان"
"حضانة ورد ولين","عمان/ ضاحية الامير حسن",797318619,"فرع شرق عمان"
"حضانة القلب السعيد","عمان/ضاحية الامير حسن/بالقرب مطعم الهنيني",777772615,"فرع شرق عمان"
"حضانة ابن العز","عمان -طبربور - الخزنه ش حسين عبد الله المجاغفه",772180728,"فرع شرق عمان"
"حضانة النبات السليم للاطفال","عمان طبربور حي الشهيد الجنوبي",790479314,"فرع شرق عمان"
"حضانة الساعد الصغير","عمان- مرج الحمام",795402220,"فرع اليوبيل"
"حضانة مظلة الامان","عمان مرج الحمام شارع سالم سلامة غيث",798181466,"فرع اليوبيل"
"المدارس العالميه/الشركه التربويه العالميه للتعليم والاستثمار","عمان/ناعور/طريق المطار",780857053,"فرع جنوب عمان"
"شركة حضانة هورايزون","عمان وادي السير الروابي شارع البراء بن عازب",NULL,"فرع اليوبيل"
"حضانتي تتجاوز الافق","عمان وادي السير الروابي/ ش الاميره ثروت",799944766,"فرع اليوبيل"
"حضانة زهرة الجمال النموذجية","عنجرة - قرب المصنع الالبسة - الشارع الرئيسي",775612951,"فرع عجلون"
"حضانة توم وجيري","عين الباشا",111111111,"فرع السلط"
"حضانه عايدة","عين الباشا / التطوير الحضري",NULL,"فرع السلط"
"حضانة بياض الثلج","عين الباشا - حي الامير علي",797674643,"فرع السلط"
"دار حضانه البركه النموذجيه","عين الباشا /مقابل التربيه",NULL,"فرع السلط"
"حضانة حلا الحلوين","قرب جامعة البلقاء-طريق بطنا الرئيسي",797356203,"فرع السلط"
"حضانة رحيق الورد","قرب جامعة العلوم الاسلامية/مقابل اسوار الجامعة",788893613,"فرع شرق عمان"
"روضة ومدارس الابداع التربوي","قرب دوار المنهل",NULL,"فرع شمال عمان"
"شركة سماره والدغليس","قرب دوار خلدا قرب اكاديمية عمان",798393515,"فرع شمال عمان"
"اكاديميه الروادالدوليه/شركه مدارس روادالمستقبل للتعليم والاس","قرب مسجد جبران بجانب التعليم العالي",5300880,"فرع شمال عمان"
"حضانه القلب الكبير","قرب مضافة ابو سالم",7247155,"فرع اربد"
"حضانة بلوسوم","قرب وزارة التعليم العالي",NULL,"فرع شمال عمان"
"حضانة مدينة البسكويت","قصر خلدا بجانب المدارس المستقله",790862401,"فرع شمال عمان"
"حضانة ورود الربيع","ماحص شارع المدارس",772663512,"فرع السلط"
"حضانه براعم ايهم","مادبا/ الفيصلية /بعد مؤسسة التدريب المهني",779066605,"فرع مادبا"
"حضانة ورود الربيع","ماحص شارع المدارس",772663512,"فرع السلط"
"حضانه براعم ايهم","مادبا/ الفيصلية /بعد مؤسسة التدريب المهني",779066605,"فرع مادبا"
"حضانة العصفور الفصيح","مادبا بالقرب من اتحاد المراة حي الغربي",790806228,"فرع مادبا"
"حضانه الامومه للتعليم المبكر","مادبا حي العيادات خلف الكارفور",777916236,"فرع مادبا"
"محمود ابو سويلم وشريكه","مادبا-حي محمد الفاتح",790479702,"فرع مادبا"
"حضانه ايادي المحبه","مادبا/ خلف مدرسة الامير حمزه",798862060,"فرع مادبا"
"حضانة جنة ماعين","مادبا/ماعين/مقابل المخبز",772494763,"فرع مادبا"
"حضانة اولادي الصغار","ماركا الجنوبية- نادي السباق-حي الأمير حسن بناية14",772505068,"فرع شرق عمان"
"حضانة الانامل الذهبية","ماركا الشمالية - شارع فاطمة الزهراء/مسجد فاطمة الزهراء",799381207,"فرع شرق عمان"
"حضانه الطفل السعيد","ماركا الشماليه/حمزه بالقرب من مدرسه الشريف حسبن",4895823,"فرع شرق عمان"
"حضانة التقى","ماركا امتداد شارع المخفر حي العبداللات",4884434,"فرع شرق عمان"
"حضانة لطفولة أرقى","مدينة الشرق , قرب دوار الطيارة",772000294,"فرع الزرقاء"
"شركة اشرف وايهاب جلنبو (حضانة من الف الى الياء )","مرج الحمام/ إسكان عالية/ سيمي فيلا 30",NULL,"فرع جنوب عمان"
"حضانه فوفو و دودو النموذجيه","مرج الحمام/ حي الاميرحمزه",777726263,"فرع اليوبيل"
"حضانة الايادي الحنونة","مرج الحمام دوار البكري",798443489,"فرع اليوبيل"
"هوشه و عبد النبي","مرج الحمام دوار ام عبهره",799506086,"فرع اليوبيل"
"حضانة رؤى النموذيه","مرج الحمام - شارع البيان",796633817,"فرع اليوبيل"
"حضانة البداية الصحيحة","مرج الحمام / شارع علي الختالين / دوار الشوابكه /",799770531,"فرع اليوبيل"
"شركة فيصل ورندة البيايضة / حضانة الصياد الصغير","مرج الحمام شارع محمد بن طلال بن محمد",797710897,"فرع جنوب عمان"
"حضانة الاطفال السعداء","مرج الحمام ،شارع نالتشك/قرب مطعم دنيا المشاوي",797083374,"فرع اليوبيل"
"شركة حضانة النجوم المتلالئة","مرج الحمام شارع نايف بن عاصم",799629292,"فرع اليوبيل"
"حضانة المشاركة المرحة","مرج الحمام / ش محمد بن طلال بن محمد / بنايه/1",796749831,"فرع اليوبيل"
"حضانة حبات التوت","مرج الحمام/ ش مويى النهار",NULL,"فرع اليوبيل"
"شركة حضانة كتيب الاطفال","مرج الحمام/ضاحية النخيل",787772777,"فرع اليوبيل"
"حضانة المربيه الخارقه","مرج الحمام - قرب مسجد المحسنات",0,"فرع اليوبيل"
"حضانة سنافر الشوبك","معان - الشوبك - نجل",799367556,"فرع مـعـان"
"حضانه الغد الجديد","معان/طريق اذرح/شارع محمد خليل خطاب/مقابل مدرسة ابو بكر",779509387,"فرع مـعـان"
"حضانة العنايه بالطفل","معان / وادي موسى / بجانب مدرسة سمية بنت الخياط",772590416,"فرع مـعـان"
"حضانة من المهد الى القلم","مقابل الباب الرئيسي لحديقةالاميرهاشم بالقرب من مشفى الشميسان",5661464,"فرع عمان المركز"
"حضانة نور الهنا","مقابل حديقة الراية",786051629,"فرع شرق عمان"
"حضانة مدرسة أكاديمية و روضة جنى دان","مقابل حي نصار خلف النبعة",788616293,"فرع الزرقاء"
"حضانة سحابة الاطفال","مقابل مدارس الدر المنثور شقه رقم 2",5522813,"فرع شمال عمان"
"حضانة زهور الليلك","مقابل مركز صحي ام السوس",795049140,"فرع اليوبيل"
"حضانة حدائق الورد","مقبل البوابةالرئيسية حدائق الملك الحسين",55555555,"فرع شمال عمان"
"حضانة البذور الزاهره النموذجية","منشية ابو حمور / الشارع الرئيسي / قرب المستشفى العسكري",1111111111,"فرع الكرك"
"حضانة الخيوط اللامعه","منطقة ابو السوس اسكان الامانه حي الصنوبر",795241103,"فرع اليوبيل"
"حضانة فلونا","منطقة الجبيهة / حي الزيتونة / 40 شارع ابو نصير",5357448,"فرع شمال عمان"
"حضانه الواحه النموذجيه","منطقة الصناعه/خلف مدارس ابوشقره",5854275,"فرع اليوبيل"
"حضانة الايدي الدافئة","ناعور البلد خلف المسجد الكبير",799567844,"فرع اليوبيل"
"حضانة حبات السكر","نزال - شارع الدستور عماره 148 بجانب المنجد الطبي",796853528,"فرع جنوب عمان"
"حضانه شعاع الشمس / نداء حسنى راشد الخزاعى","وادي السير",795787863,"فرع اليوبيل"
"حضانة عالمي الممتع","وادي السير - حي الروابي - شارع الحرم الإبراهيمي - بناية 54",65864791,"فرع اليوبيل"
"حضانة نكبر ونتعلم معا","وادي السير حي الروابي شارع عبدالرحمن خليفة",798745578,"فرع اليوبيل"
"جمعيه وادي السير النسائيه","وادي السير / مقابل مدرسه وادي السير الثانويه للبنين",5814372,"فرع اليوبيل"
"حضانه العصفوره يارا","يرقا / قرب دوار يرقا - باتجاه وادي شعيب",77966485,"فرع السلط"